"Begintijd - msec","Eindtijd - msec","s1","Bestand","Bestandspad"
617,1720,"oke euhm ","leuven1a_run1.eaf"
2120,6429,"het is een beeld waarbij dat er kinderen in een turnzaal euhm spelen","leuven1a_run1.eaf"
6932,7629,"euhm","leuven1a_run1.eaf"
7780,11902,"op het in de linkerkant in het midden staat er een kindje aan 't zwemmen in het zwembad","leuven1a_run1.eaf"
12280,15557,"helemaal vanachter zijn er kinderen aan het klimmen op een klimrek","leuven1a_run1.eaf"
16240,18817,"vanvoor zijn er kinderen aan 't kruipen op een mat","leuven1a_run1.eaf"
19099,25910,"en aan de rechterkant zijn er ook kinderen die (er) is één kindje dat met een hoepel in de l dat een hoepel in de lucht houdt","leuven1a_run1.eaf"
26612,31204,"euhm verder zijn er vanachter ook nog kinderen die op touwen klimmen ","leuven1a_run1.eaf"
31610,32731,"en","leuven1a_run1.eaf"
33240,36995,"euhm ook kinderen die onder hordes doorkruipen","leuven1a_run1.eaf"
37697,38059,"euhm","leuven1a_run1.eaf"
38608,40931,"ja ik weet niet goed of dat dat de juiste term is","leuven1a_run1.eaf"
41927,44165,"da 's zo wat het is in een turnzaal","leuven1a_run1.eaf"
55680,57157,"in het centrum is er een zwembad ","leuven1a_run1.eaf"
57680,60417,"euhm waar één kindje in aan 't zwemmen is aan de linkerkant ","leuven1a_run1.eaf"
60582,63902,"en aan de rechterkant een kind dat een hoepel omhoog houdt","leuven1a_run1.eaf"
66995,70174,"vanachter zijn er euhm kinderen aan het klimmen op een klimmenrek ","leuven1a_run1.eaf"
71233,73207,"en vanvoor kruipen kruipen er kinderen over een mat","leuven1a_run1.eaf"
74810,76089,"da 's het voornaamste denk ik","leuven1a_run1.eaf"

368,1515,"met een vijver","leuven1a_run2.eaf"
1711,3067,"het grootste deel is een vijver","leuven1a_run2.eaf"
3588,5122,"en daarrond loopt een pad","leuven1a_run2.eaf"
5866,8417,"en vanvoor op het pad lopen twee honden","leuven1a_run2.eaf"
9392,12993,"euhm links van het pad zijn twee ganzen","leuven1a_run2.eaf"
14512,15256,"ganzen","leuven1a_run2.eaf"
16351,20261,"euhm op de vijver zijn er twee kinderen die euhm","leuven1a_run2.eaf"
20924,22118,"op een pedalo zitten","leuven1a_run2.eaf"
23492,25944,"en daarachter staat een koe","leuven1a_run2.eaf"
27130,27924,"euhm","leuven1a_run2.eaf"
28396,30567,"er is ook aan de linkerkant een kiosk","leuven1a_run2.eaf"
31591,32611,"@","leuven1a_run2.eaf"
32989,34703,"oke moet ik iets herhalen of","leuven1a_run2.eaf"
40874,45135,"de de koe en een pedalo en de pe (    ) euhm ja die kinderen op de pedalo","leuven1a_run2.eaf"

627,1177,"oke","leuven2b_run1.eaf"
1816,8575,"dus euhm aan de rechterkant is zijn er een paar bomen in de en helemaal vanboven zit er een eekhoorn","leuven2b_run1.eaf"
8952,12971,"en dan links is er een paddenstoel helemaal links beneden","leuven2b_run1.eaf"
13438,19339,"en dan in 't midden staan drie personen euhm eentje meer links en de andere twee meer rechts","leuven2b_run1.eaf"
20122,26221,"en wacht he (ja wat zijn er nog) links vanboven een vogel maar 'k weet niet we@lke vo@gel dat dat is dus ja @","leuven2b_run1.eaf"
26301,27820,"(            ) euhm","leuven2b_run1.eaf"
28438,29066,"wat is er nog","leuven2b_run1.eaf"
30410,34750,"ja vanvoor rechts zijn er ook heel veel bladeren die bruin zijn en dan links meer geel","leuven2b_run1.eaf"
35518,39136,"ja dat denk ik @ niet verder niets meer weet @","leuven2b_run1.eaf"

760,4957,"oke dus rechts vanvoor is er een jongen aan het lopen naar links","leuven2b_run2.eaf"
5282,15251,"in 't midden is er een speeltuig en langs die linkerkant zitten twee kinderen achter het speeltuig te kijken naar drie jongens die vanvoor in een in boeken aan 't lezen zijn","leuven2b_run2.eaf"
15619,21350,"dan achter het lopende jongen en achter het speeltuig zit nog een andere jongen met krullen","leuven2b_run2.eaf"

840,6552,"oke dus 't is een afbeelding met twaalf kinderen op in een turnhal zo 'n schoolturnhal","Leuven3a_run1.eaf"
6920,11558,"euhm helemaal vanachter allee zo vanboven op de afbeelding staat een klimrek","Leuven3a_run1.eaf"
13668,15564,"dat is zo 'n ding waar je op klimt","Leuven3a_run1.eaf"
16033,17395,"zo @ oke","Leuven3a_run1.eaf"
17687,23349,"en dan euhm er staat dan rechts van dat klimrek staat een trampoline","Leuven3a_run1.eaf"
23564,25478,"gewoon een trampoline zonder kind op","Leuven3a_run1.eaf"
25914,30055,"dan staat er euhm ergens een zwembad zo 'n beetje in 't midden links","Leuven3a_run1.eaf"
30595,32141,"daar staat een kind in","Leuven3a_run1.eaf"
32496,38540,"dan is er nog euhm een mat waar iemand op kruipt of zo","Leuven3a_run1.eaf"
39073,42901,"dan hekken twee hekken ja","Leuven3a_run1.eaf"
43343,47257,"zo ik d@enk geel met iets gestreept dus euhm","Leuven3a_run1.eaf"
47926,53055,"en dan vooraan op de allee onderaan op de afbeelding nog twee matten met ook kinderen bij","Leuven3a_run1.eaf"
54638,56576,"dus twaalf kinderen in totaal (eigenlijk)","Leuven3a_run1.eaf"

969,4693,"'t is zo in een park euhm nee park zo ja achtig","Leuven3a_run2.eaf"
5090,7954,"en op de achtergrond ziet ge zo een stad een beetje","Leuven3a_run2.eaf"
8381,16366,"en dan op de voorgrond euhm helemaal onderaan het schilderij zijn drie grote eenden en twee kleine eenden","Leuven3a_run2.eaf"
18180,25562,"eenden zo van die euhm vogels die bij het water zo zitten maar op die afbeelding niet bij het water maar","Leuven3a_run2.eaf"
26141,26845,"euhm","Leuven3a_run2.eaf"
27281,32206,"dan twee kindjes op een pad maar in totaal zijn er echt heel veel mensen op dat ding he","Leuven3a_run2.eaf"
32664,33438,"euhm","Leuven3a_run2.eaf"
34010,37678,"en dan hebt ge dan is er een vijver aan de rechterkant","Leuven3a_run2.eaf"
37969,40522,"en daar zijn zo drie soorten boten op","Leuven3a_run2.eaf"
40587,43502,"één ja ik weet niet pedalo hoe dat ge dat noemt","Leuven3a_run2.eaf"
43954,46291,"euhm één klein speelbootje en één kano-achtig iets","Leuven3a_run2.eaf"
46859,49572,"en één kano-achtig iets","Leuven3a_run2.eaf"
50291,58190,"euhm op dat helemaal op de achtergrond is ook een een vrouw of een man die met zijn hond aan het lopen of wandelen is maar da 's echt op de achtergrond","Leuven3a_run2.eaf"
58517,61567,"en dan links ergens is er ook nog een huisje","Leuven3a_run2.eaf"
61783,65513,"en aan de andere kant van dat huisje rechts is een grote koe","Leuven3a_run2.eaf"
66060,68020,"waar ook een persoon bij staat","Leuven3a_run2.eaf"
68422,74080,"en voor de rest nog andere personen denk ik dat het was @","Leuven3a_run2.eaf"
74919,76241,"dat was echt vaag","Leuven3a_run2.eaf"

349,1785,"oke euhm","leuven4b_run1.eaf"
2092,4092,"dus het speelt zich af in een bos","leuven4b_run1.eaf"
4619,8093,"in het bos heb je twee kinderen en een mama","leuven4b_run1.eaf"
8631,12931,"de linkse het linkse kind draagt een rode jas","leuven4b_run1.eaf"
13629,20061,"euhm op de voorgrond zie je veel vanvoor staat er heel veel blaadjes eikels","leuven4b_run1.eaf"
20520,22269,"er zijn vier bomen","leuven4b_run1.eaf"
22820,23907,"euhm","leuven4b_run1.eaf"
24480,25613,"(ik ben nog) aan 't denken","leuven4b_run1.eaf"
26040,27104,"euhm","leuven4b_run1.eaf"
27527,30226,"er zijn heel veel dieren ook in het bos","leuven4b_run1.eaf"
30748,34625,"euhm links twee eekhoorns ","leuven4b_run1.eaf"
35110,36777,"en rechts een egel ","leuven4b_run1.eaf"
37944,39116,"euhm","leuven4b_run1.eaf"
40484,43122,"er zijn nog heel veel andere dieren in het b@os","leuven4b_run1.eaf"
44423,45558,"maar euhm","leuven4b_run1.eaf"
46398,48049,"paddenstoelen ook heel veel paddenstoelen","leuven4b_run1.eaf"
49558,52011,"euhm voorgrond voorgrond","leuven4b_run1.eaf"
52162,56638,"en helemaal op de achtergrond zie je nog allemaal struiken groene dikke struiken","leuven4b_run1.eaf"
58417,59990,"struiken euhm","leuven4b_run1.eaf"
60794,66147,"geen bomen maar wat er tussen de bomen staat kleine groene bosjes","leuven4b_run1.eaf"
66282,66985,"zo oke","leuven4b_run1.eaf"
68167,69197,"euhm","leuven4b_run1.eaf"
70317,71312,"voor de rest","leuven4b_run1.eaf"
71587,76184,"het rechtse kindje geeft een hand aan de mama en het linkse loopt alleen","leuven4b_run1.eaf"
76700,79049,"en zij heeft zij is degene met de rode jas","leuven4b_run1.eaf"
79487,80572,"euhm","leuven4b_run1.eaf"
81920,84010,"ik denk dat dat ongeveer @ alles is","leuven4b_run1.eaf"
84631,85515,"voor de rest","leuven4b_run1.eaf"
87227,89110,"er zit ook nog een uil in de boom","leuven4b_run1.eaf"
89695,91480,"'k weet wel niet meer welke b@oom","leuven4b_run1.eaf"
92060,93483,"maar er zit ook nog een uil in de boom","leuven4b_run1.eaf"
93680,95347,"ik denk dat dat het ongeveer was","leuven4b_run1.eaf"
96343,97349,"heb jij nog vragen","leuven4b_run1.eaf"
102306,107392,"ja ze zijn aan 't lachen en de mama is bezig met het kindje en het andere kindje is alleen aan 't lopen","leuven4b_run1.eaf"
109539,113361,"ja van de van het kindje alleen wel","leuven4b_run1.eaf"
113980,119355,"van de mama en euhm het tweede kindje iets minder omdat ze een beetje gedraaid staan","leuven4b_run1.eaf"

710,2193,"oke dus euhm","leuven4b_run2.eaf"
2390,3821,"het is in een speeltuin ","leuven4b_run2.eaf"
4090,5248,"de kinderen spelen daar","leuven4b_run2.eaf"
5500,8441,"euhm links heb je vijf kinderen","leuven4b_run2.eaf"
8810,10375,"rechts twee kinderen","leuven4b_run2.eaf"
10809,12574,"dus in totaal zeven kinderen","leuven4b_run2.eaf"
13670,14200,"oke","leuven4b_run2.eaf"
15342,19458,"rechts twee maar het tweede kind rechts is een beetje verstopt achter een boom ","leuven4b_run2.eaf"
20101,22817,"'k denk toch dat hij een allee achter het speeltuig denk ik dat het was","leuven4b_run2.eaf"
23203,24500,"euhm dan","leuven4b_run2.eaf"
24745,26430,"er zijn vier glijbanen","leuven4b_run2.eaf"
27598,29651,"ja voor woehoew naar beneden","leuven4b_run2.eaf"
32420,36091,"ja in bij water heb je ook een glijbaan om naar beneden te schuiven","leuven4b_run2.eaf"
36790,43093,"oke euhm er is een blauwe gele blauw blauw","leuven4b_run2.eaf"
44685,46200,"dus twee kleuren","leuven4b_run2.eaf"
46603,47643,"blauw geel blauw blauw","leuven4b_run2.eaf"
49195,50502,"@","leuven4b_run2.eaf"
51220,53436,"van links naar rechts blauw geel blauw blauw","leuven4b_run2.eaf"
54991,56933,"oke euhm dan","leuven4b_run2.eaf"
58110,60657,"ja er staat dus een speeltuig om op te spelen","leuven4b_run2.eaf"
61265,62523,"euhm","leuven4b_run2.eaf"
64679,67707,"voor de rest ik denk dat dat het meest belangrijke was","leuven4b_run2.eaf"
67829,71055,"ja en het het rechtse kindje van de twee is verstopt","leuven4b_run2.eaf"
72011,72833,"euhm","leuven4b_run2.eaf"
73917,75651,"ze zijn met elkaar aan 't spelen","leuven4b_run2.eaf"
75861,78756,"dus de linkse zijn aan 't spelen en de rechtse is ook aan het spelen","leuven4b_run2.eaf"
79410,80410,"euhm","leuven4b_run2.eaf"
82488,83707,"wacht he ik ben aan 't denken","leuven4b_run2.eaf"
84192,85169,"ja vraag maar hoor","leuven4b_run2.eaf"
86033,88044,"denken wat dat er nog op stond","leuven4b_run2.eaf"
89296,90230,"goh ja","leuven4b_run2.eaf"
92082,96507,"ja maar niet heel veel details zoals bij het bos nee er waren het was een vrij groot beeld","leuven4b_run2.eaf"
98400,99707,"@ 't was mooi weer","leuven4b_run2.eaf"
100109,105000,"ja en er was één kind heel erg groot afgebeeld en de rest was in vergelijking wel wat klein","leuven4b_run2.eaf"
107403,109499,"de rechtse die van die met per twee","leuven4b_run2.eaf"
109607,110992,"die dat niet verstopt was was","leuven4b_run2.eaf"
111992,114491,"die dat wel zichtbaar was was groot","leuven4b_run2.eaf"
115872,117453,"(ik) denk dat het dat ongeveer was","leuven4b_run2.eaf"
121983,123237,"euhm","leuven4b_run2.eaf"
124191,129120,"ja behalve die dat verstopt is is maar zo half een stukje","leuven4b_run2.eaf"
131009,132955,"euhm allemaal verschillende kleurtjes","leuven4b_run2.eaf"
133505,134425,"heel veel kleurtjes","leuven4b_run2.eaf"
136254,137992,"@ oke","leuven4b_run2.eaf"

4541,6462,"euhm mag 'k beginnen","leuven5a_run1.eaf"
6924,7326,"oke","leuven5a_run1.eaf"
7693,11793,"euhm het is een tekening van euhm","leuven5a_run1.eaf"
12386,17402,"kinderen die in een sportzaal spelen euhm","leuven5a_run1.eaf"
17748,20737,"ik heb elf of twaalf kinderen geteld","leuven5a_run1.eaf"
21263,22552,"euhm","leuven5a_run1.eaf"
22818,25326,"eentje zit in een zwembad","leuven5a_run1.eaf"
25878,33904,"er zijn euhm vier kinderen denk ik die euhm op een klimrek spelen op een klimrek willen klimmen","leuven5a_run1.eaf"
34477,35597,"euhm","leuven5a_run1.eaf"
36185,44532,"dan zijn er twee kinderen die onder hordes euhm klimmen euhm kruipen ze kruipen onder de hordes","leuven5a_run1.eaf"
45264,55050,"en euhm dan heb ik dan zijn er vooraan nog één kind of twee kinderen die op matrassen euhm aan het spelen zijn","leuven5a_run1.eaf"
55223,59216,"misschien dat er euhm een andere term is voor in de sportzaal ja","leuven5a_run1.eaf"
59618,62834,"ah en er is ook nog een kind met een euhm hoelahoep","leuven5a_run1.eaf"
64376,70535,"euhm zo 'n ronde ding @","leuven5a_run1.eaf"
70535,74809,"en euhm er is ook een trampoline een trampoline ja","leuven5a_run1.eaf"
76015,78095,"dat is ongeveer wat ik heb gezien","leuven5a_run1.eaf"
78839,79757,"@","leuven5a_run1.eaf"

77,7751,"deze is moeilijk veel details euhm heel veel dieren heel veel mensen euhm","leuven5a_run2.eaf"
7751,11209,"dus het lijkt op een schilderij aan het water","leuven5a_run2.eaf"
12044,19149,"euhm dus een kleine meer of vijver euhm aan de rechterkant rechtsonder","leuven5a_run2.eaf"
19828,28696,"euhm en l linksonder is er een een weg euhm langs ja euhm langs euhm het water ","leuven5a_run2.eaf"
29353,36436,"en dan heb je linksboven een huisje waar men eten of zo kan kopen ","leuven5a_run2.eaf"
37016,40132,"euhm en daar staat een boom langs ","leuven5a_run2.eaf"
40458,45646,"en euhm in die boom zit een eekhoorn euhm net boven het huis ","leuven5a_run2.eaf"
46110,52823,"euhm en dan in de acht op de achtergrond zie je allemaal euhm hoge gebouwen ","leuven5a_run2.eaf"
53348,58910,"maar da 's ver in de achtergrond zie je zo' n stad euhm ja in de verte ","leuven5a_run2.eaf"
59314,68066,"euhm dan wat je ook nog ziet zijn euhm twee grotere bootjes op het water ","leuven5a_run2.eaf"
68700,77010,"zo één euhm goh een pedelec of hoe heet dat zo eentje waar je zo moet euhm met je voeten euhm @","leuven5a_run2.eaf"
78950,79620,"ah voila","leuven5a_run2.eaf"
79770,79772,"","leuven5a_run2.eaf"
79772,82707,"en de andere is zo meer een normaal bootje","leuven5a_run2.eaf"
83038,88016,"en dan is er nog een derde bootje een speelgoedboot euhm in het midden ","leuven5a_run2.eaf"
88966,100187,"en dan helemaal onderaan zie je ook nog euhm goh wat was dat weer ah ja op het water twee zwanen twee witte zwanen ","leuven5a_run2.eaf"
100187,103806,"en dan in het midden onder twee honden ","leuven5a_run2.eaf"
104679,109733,"en dan euhm twee eenden met een groen hoofd ","leuven5a_run2.eaf"
110580,114762,"en daarachter nog een eend maar niet met een groen hoofd @","leuven5a_run2.eaf"
115165,118591,"en goh ook nog een koe @","leuven5a_run2.eaf"
119016,120966,"boven het water rechts","leuven5a_run2.eaf"
121276,123337,"dus euhm rechts ","leuven5a_run2.eaf"
124276,129856,"en ook nog twee vogels in de lucht volgens mij @ ","leuven5a_run2.eaf"
130500,134127,"en ook nog mensen maar ik weet niet hoeveel @ ","leuven5a_run2.eaf"
135016,137193,"veel he euhm dus ","leuven5a_run2.eaf"
144237,145064,"in de lucht ","leuven5a_run2.eaf"
150386,150820,"één","leuven5a_run2.eaf"
152359,153712,"boven het huisje","leuven5a_run2.eaf"
156552,161414,"euhm ja en euhm heb ik nog iets gemist","leuven5a_run2.eaf"
161651,167320,"ja en dan vanachter de de skyline @","leuven5a_run2.eaf"

1666,2150,"oke","leuven6b_run1.eaf"
3092,4245,"euhm 't is in een bos","leuven6b_run1.eaf"
4960,8583,"euhm aan weers er zijn bomen aan beide kanten euhm","leuven6b_run1.eaf"
9037,10129,"twee eekhoorns","leuven6b_run1.eaf"
10833,12731,"links en een eekhoorn rechts","leuven6b_run1.eaf"
12967,14027," een andere kleur","leuven6b_run1.eaf"
14380,17115,"en er zijn er is een vrouw met twee kinderen in het bos","leuven6b_run1.eaf"
17625,22865,"en ze wijst naar een een een everzwijn of een varken in een euhm struik vanachter","leuven6b_run1.eaf"
23500,27467,"en euhm één van de kinderen heeft een zak vast en is noten aan 't rapen of kastanjes","leuven6b_run1.eaf"
28574,33990,"en euhm het is herfstachtig ja dus ('k heb al) maar dat zal wel bij beide gevallen hetzelfde zijn","leuven6b_run1.eaf"
34731,35388,"euhm dus","leuven6b_run1.eaf"
35930,37490,"en er zit ook er zitten vogels ook","leuven6b_run1.eaf"
38175,43125,"op de boom maar dus vooral (ik denk dat) twee twee eekhoorns links en dan één rechts","leuven6b_run1.eaf"
43185,44800,"en dan drie kinderen","leuven6b_run1.eaf"
45546,47412,"nee twee kinderen en één vrouw met een groene jas","leuven6b_run1.eaf"
47847,51421,"en die had het het meisje dat zo kastanje aan 't rapen heeft een roze jas heeft","leuven6b_run1.eaf"
52226,56069,"en euhm het kind dat bij de vrouw staat heeft een verrekijker","leuven6b_run1.eaf"
56550,58950,"dus kijkt waarnaar de vr waar de vrouw naar wijst","leuven6b_run1.eaf"
59210,60328,"daar kijkt hij naar","leuven6b_run1.eaf"
61476,63380,"ja dat zal het (              )","leuven6b_run1.eaf"
64851,65458,"ja","leuven6b_run1.eaf"
66245,67453,"ja ik denk dat het dat is","leuven6b_run1.eaf"

779,2544,"euhm da 's een speeltuin","leuven6b_run2.eaf"
3121,4193," euhm rechts","leuven6b_run2.eaf"
4730,7281,"komt er een is er een jongen en die is aan 't lopen","leuven6b_run2.eaf"
7790,8718,"en euhm","leuven6b_run2.eaf"
10160,15011,"de spe op de speeltuin staat een een soort constructie met vier glijbanen","leuven6b_run2.eaf"
16088,18513,"euhm op de achtergrond een boom links","leuven6b_run2.eaf"
19116,21751,"euhm zeven kinderen in het totaal @","leuven6b_run2.eaf"
22491,28198,"euhm waarvan er twee achter achter het constructie met de glijbanen zich verschuilen zo daaronder liggen","leuven6b_run2.eaf"
28650,32502,"euhm eentje is aan het liggen en leest in een boek","leuven6b_run2.eaf"
32662,34839,"en dat boek heeft ogen en kijkt terug","leuven6b_run2.eaf"
35720,37000,"en dan euhm","leuven6b_run2.eaf"
37977,38828,"de andere","leuven6b_run2.eaf"
39408,41447,"dus ge hebt twee achter de constructie","leuven6b_run2.eaf"
41701,43138,"euhm één aan 't lezen liggend","leuven6b_run2.eaf"
43734,46359,"euhm twee ook aan 't lezen maar zittend","leuven6b_run2.eaf"
46740,49767,"en dan het lopend kind en rechts dus","leuven6b_run2.eaf"
49906,53143,"en daarachter ook nog half ziet ge ook een kind","leuven6b_run2.eaf"
53988,58198,"maar dus vooral de speeltuin vier glijbanen en dan een lopend kind rechts","leuven6b_run2.eaf"
58480,62000,"en drie lezenden waarvan één liggend met een boek dat terugkijkt","leuven6b_run2.eaf"
62505,66000,"en twee achter het links achter het constructie","leuven6b_run2.eaf"
69010,71674,"ja vanuit ons dus voor u rechts","leuven6b_run2.eaf"
72060,74464,"ja nee voor u ook links maar","leuven6b_run2.eaf"
74817,77309,"als ik als ik nu links doe bedoel ik eigenlijk hier","leuven6b_run2.eaf"
78033,81469,"dus gewoon de constructie en dan links als ge kijkt naar ja","leuven6b_run2.eaf"
82718,85071,"daar zijn er twee met een één met een pet op denk ik","leuven6b_run2.eaf"
91154,91508,"ja","leuven6b_run2.eaf"
92848,93268,"ja","leuven6b_run2.eaf"
98303,100762,"ja maar zo ik denk dat toch ","leuven6b_run2.eaf"
101651,103469,"(ik denk dat ja ik weet niet) @","leuven6b_run2.eaf"

1805,5226,"dus het zijn allemaal kindjes in een turnzaal die aan 't sporten zijn","leuven7a_run1.eaf"
5407,9680,"euhm er zijn er twee die op zo 'n klimrek bezig zijn","leuven7a_run1.eaf"
9810,12949,"er is er eentje met zo 'n hoepel bezig","leuven7a_run1.eaf"
13032,14305,"eentje op de trampoline","leuven7a_run1.eaf"
14699,17055,"euhm twee die in touwen aan 't klimmen zijn","leuven7a_run1.eaf"
17640,18889,"euhm","leuven7a_run1.eaf"
19712,20867,"eentje aan 't zwemmen","leuven7a_run1.eaf"
21237,23243,"drie die push-ups aan het doen zijn","leuven7a_run1.eaf"
23900,29331,"euhm wat zat er nog tussen twee die zo onder onder van die planken aan 't kruipen zijn samen","leuven7a_run1.eaf"
30430,36939,"die twee die zo onder van die planken aan het kruipen zijn op de grond euhm","leuven7a_run1.eaf"
39132,41022,"'t is meestal zo 'n combinatie jongen meisje","leuven7a_run1.eaf"
42674,46850,"euhm 't is in een turnzaal","leuven7a_run1.eaf"
48519,52209,"'k weet niet of ik er nog iets speciaal over kan zeggen","leuven7a_run1.eaf"
53751,59834,"euhm 't klimrek is vanachter en dan zit het klimrek dan heb je de touwen dan heb je hier het zwembad","leuven7a_run1.eaf"
60220,65607,"hier de hoepel hier de planken waar ze onder kruipen euhm","leuven7a_run1.eaf"
67370,70270,"hier de mat waar ze push-ups aan het doen zijn","leuven7a_run1.eaf"
71348,72535,"en ervoor","leuven7a_run1.eaf"
75381,76359,"nog matten","leuven7a_run1.eaf"
77440,78668,"(waar ze push-ups aan 't doen (zijn))","leuven7a_run1.eaf"
83591,91541,"euhm twee vier vijf zes zeven acht negen tien elf denk ik","leuven7a_run1.eaf"
93502,94430,"volgens mij","leuven7a_run1.eaf"
98324,102878,"die doen push-ups en dan is er ja twee vanvoor en eentje dan iets meer naar achter","leuven7a_run1.eaf"
106491,107540,"@","leuven7a_run1.eaf"
120762,128640,"dus in een turnzaal allemaal verschillende sporten aan het doen twee vanachter op een klimraam twee in de touwen aan het klimmen dat zijn twee jongetjes","leuven7a_run1.eaf"
129099,133320,"euhm eentje die in een zwembad speelt","leuven7a_run1.eaf"
133513,137403,"één die op een trampoline springt die omhoog dus die vanboven in de sprong zit","leuven7a_run1.eaf"
137925,142972,"euhm eentje die met een hup een hoelahoep zo aan het spelen is","leuven7a_run1.eaf"
143049,149541,"drie die pompen eentje die onder planken kruipt nee twee die op de planken kruipen","leuven7a_run1.eaf"

300,980,"oke","leuven7a_run2.eaf"
1650,2900,"euhm ze zijn in een park","leuven7a_run2.eaf"
3351,5047,"op de achtergrond is er een stad","leuven7a_run2.eaf"
6150,7024,"euhm","leuven7a_run2.eaf"
9118,11716,"wat staat er allemaal in het park dus er is een vijver","leuven7a_run2.eaf"
12066,16768,"op de vijver is er een euhm een roeiboot","leuven7a_run2.eaf"
17948,20231,"een roeiboot euhm een pedalo","leuven7a_run2.eaf"
20919,23306,"zo van die trap-dingen waar twee mensen in zitten","leuven7a_run2.eaf"
23790,29830,"er is een steiger zo 'n houten steiger waar een jongetje op staat die met zo een bootje aan het spelen is","leuven7a_run2.eaf"
31240,33853,"euhm dus dat klein zeilbootje zit ook in het water","leuven7a_run2.eaf"
34533,35457,"euhm","leuven7a_run2.eaf"
36198,39533,"dan aan de linkerkant","leuven7a_run2.eaf"
40297,44443,"boven dus je hebt euhm rechts de plas water","leuven7a_run2.eaf"
44443,49660,"en dan linksboven is er zo een kraampje waar dingen verkocht worden","leuven7a_run2.eaf"
50391,52424,"euhm en dan vanvoor","leuven7a_run2.eaf"
53886,57971,"rechts zitten twee mensen die de eenden eten aan het geven zijn","leuven7a_run2.eaf"
58587,59266,"euhm","leuven7a_run2.eaf"
60811,66504,"links vanvoor of rechts vanvoor vanvoor in elk geval zijn twee zwanen","leuven7a_run2.eaf"
66985,67896,"witte zwanen","leuven7a_run2.eaf"
68117,70188,"of ganzen ja weet ge grote vogels","leuven7a_run2.eaf"
70386,76382,"euhm en dan een eend links van links een eend met twee kleine kuikentjes","leuven7a_run2.eaf"
77297,79652,"er stond heel veel op @","leuven7a_run2.eaf"
80816,83415,"ja dus een eend met twee kleine kuikentjes","leuven7a_run2.eaf"
84023,84966,"euhm","leuven7a_run2.eaf"
85948,89462,"er stond een random koe die gigantisch groot was in vergelijking met de rest","leuven7a_run2.eaf"
90089,95014,"een koe ja achter dus rechts tussen de stad en euhm het water","leuven7a_run2.eaf"
95570,100440,"stond de koe die echt uit proportie was met de rest die was gigantisch euhm","leuven7a_run2.eaf"
102957,104232,"euhm","leuven7a_run2.eaf"
104816,109825,"en dan bij het kraampje stonden ook nog een aantal mensen maar ik weet niet meer hoeveel","leuven7a_run2.eaf"
112476,113089,"mh","leuven7a_run2.eaf"
115679,116462,"twee in de pedalo","leuven7a_run2.eaf"
117051,117438,"mh","leuven7a_run2.eaf"
119419,121971,"ja zo met zo van die miniatuurbootjes een jongetje","leuven7a_run2.eaf"
122825,125679,"een een lege een lege boot waar niemand in zit","leuven7a_run2.eaf"
127336,127773,"ja","leuven7a_run2.eaf"
128453,129150,"euhm","leuven7a_run2.eaf"

386,4351,"oke dus euhm 't is een euhm tekening van een euhm turnzaal","leuven8a_run1.eaf"
4587,8743,"waar dat die zo verschillende kinderen aan 't euhm sp aan 't euhm aan het spelen zijn","leuven8a_run1.eaf"
9351,16809,"en dan hebt ge helemaal vanachter hebt ge dan zo een klimrek waar dat ge zo moet klimmen en daar zijn euhm twee men twee euhm kindjes op aan 't klimmen","leuven8a_run1.eaf"
17773,24587,"en ervoor staat zo dan één tram een euhm trampoline waar dat er een euhm een meisje op een meisje op aan 't springen is","leuven8a_run1.eaf"
25658,35407,"en en ja en n nog da daarvoor is er ook nog een zwembad in die @ in die turnzaal waar dat er ook nog iemand in aan 't zwemmen is","leuven8a_run1.eaf"
36537,38386,"euhm wacht he euhm","leuven8a_run1.eaf"
38386,47365,"rechts van die euhm van die euhm die dat zwem dat zwembad is er ook nog een euhm nog een kindje dat met een euhm hoepel aan 't spri aan 't euhm spelen is da 's","leuven8a_run1.eaf"
47564,51893,"ah een hoepel da 's zo een een rond rond ding waar dat je zo hoelahoept","leuven8a_run1.eaf"
52532,55143,"en allee die houdt dat zo bov boven zich","leuven8a_run1.eaf"
56306,61583,"en dan zijn er is er ook nog een euhm een meisje op een euhm op een mat","leuven8a_run1.eaf"
62111,64953,"allee op de grond en die is zo aan het euhm pompen","leuven8a_run1.eaf"
65976,78916,"en en en en da 's dan voor het zwembad en dat dan nog daarvoor is zijn zijn er ook nog twee kindjes die z dat zo onder zo 'n euhm balken aan 't euhm kruipen zijn zo zo hord zo 'n horden","leuven8a_run1.eaf"
79884,83532,"zo dat ze door ergens on on onder aan 't kruipen zijn gewoon","leuven8a_run1.eaf"
84898,87152,"dat ze zo (  ) zo","leuven8a_run1.eaf"
88320,89870,"allee dat ze aan 't kruipen zijn en","leuven8a_run1.eaf"
91726,97513,"en nog daarvoor is er ook zo zijn zijn er nog twee twee kindjes op een mat bezig","leuven8a_run1.eaf"
97879,100471,"eentje is wel aan 't euhm ook aan 't pompen","leuven8a_run1.eaf"
100575,103185,"maar a ander is zo aan 't slapen eigenlijk","leuven8a_run1.eaf"
104655,105437,"en ja","leuven8a_run1.eaf"
107865,110062,"euhm ja ze zijn naast ze zijn naast elkaar ja","leuven8a_run1.eaf"
110939,115643,"voor de rest ik denk ik denk dat z dat dat zowat zowat alles is zo","leuven8a_run1.eaf"
116680,118606,"hm even aan 't denken","leuven8a_run1.eaf"
120782,121986,"moet dat anderhalve minuut","leuven8a_run1.eaf"
123008,125023,"ja 'k denk ik denk dat ik het meeste heb gezegd","leuven8a_run1.eaf"

71,8434,"dus euhm het is een euhm een tekening van een park waar dat er euhm allemaal heel veel mensen en dieren aan 't spelen zijn en zo","leuven8a_run2.eaf"
9381,16790,"en aan de le aan de linkerkant heb je een euhm allee heb je een weg een weggetje en aan de rechterkant heb je dan een euhm een meer","leuven8a_run2.eaf"
17635,29480,"waar dat en dan aan de in dat meer zijn er allee zijn aan helemaal aan de voorkant aan de rechterkant zijn er zijn er twee twee gan euhm twee ganzen","leuven8a_run2.eaf"
30093,36285,"die dat euhm die dat worden gevoed door door door euhm twee mensen die daar ook a op de weg zitten","leuven8a_run2.eaf"
37071,44994,"en dan links van die de mensen dat die euhm ganzen aan 't voederen zijn zijn er dan twee kindjes die dat met twee honden aan 't spelen zijn en","leuven8a_run2.eaf"
46013,55292,"en daar nog links van zijn is er is er ook nog zijn er ook nog twee eenden die dat met hun euhm fam met hun euhm kleine eendjes aan 't wandelen zijn","leuven8a_run2.eaf"
56176,68132,"dan en dus ook in dat meer is zijn er euhm zijn er twee mensen die dat zo met met zo 'n euhm trap-bootje zo met zo 'n euhm dat ge zo zo 'n bootje","leuven8a_run2.eaf"
68497,71309,"zo 'n bootje zijn zijn er twee mensen in dat meer","leuven8a_run2.eaf"
72169,75558,"en dan achter dat meer is er nog zat er één koe","leuven8a_run2.eaf"
76955,80895,"een een koe zo waar dat ge zo een dier waar dat ge zo melk van krijgt","leuven8a_run2.eaf"
82303,84088,"en nog in dat","leuven8a_run2.eaf"
85081,86364,"achter dat meer ja","leuven8a_run2.eaf"
86795,92259,"en dan nog nog in dat m in dat meer zijn er dan ook nog twee boten waar dat niemand in zit","leuven8a_run2.eaf"
93224,93655,"ja","leuven8a_run2.eaf"
94209,103867,"en dan zo van euhm links ach links achter het meer is er is er ook nog een ee een eetverkoopstandje of zo waar dat er ook nog zo twee mensen iets gaan kopen","leuven8a_run2.eaf"
104475,108010,"en dan in de verte zie je dan zo een stad een stad gewoon","leuven8a_run2.eaf"
116156,116718,"ja","leuven8a_run2.eaf"
117005,121132,"en ja en dan de twee mensen in dat bootje in het bootje","leuven8a_run2.eaf"
121574,127309,"en nog wat mensen die dat zo twee mensen die aan eten aan 't kopen zijn zo in een euhm (    )","leuven8a_run2.eaf"
127889,137232,"en dan nog zo twee twee ga twee ganzen die dat die gevoed worden twee honden waarmee die kindjes spelen en dan nog twee eenden die dat met hun (familie rondlopen)","leuven8a_run2.eaf"
137232,138784,"en dan en dan de koe nog","leuven8a_run2.eaf"

865,2230,"het is een turnzaal","leuven9a_run1.eaf"
3643,7386,"dichtbij vooraan aan de zaal liggen twee kindjes op matten","leuven9a_run1.eaf"
8569,9830,"één kindje is aan het pompen","leuven9a_run1.eaf"
11280,15313,"en @ het @ het ander kindje staat gew ligt gewoon","leuven9a_run1.eaf"
16704,17382,"euhm","leuven9a_run1.eaf"
17682,19552,"iets verder weg staan twee hekken","leuven9a_run1.eaf"
20486,22530,"en daar kruipen twee kindjes onder door","leuven9a_run1.eaf"
24013,28426,"nog verder weg @ is een zwembad","leuven9a_run1.eaf"
29017,29952,"in de turnzaal","leuven9a_run1.eaf"
30486,32191,"en daarin is een kindje aan het zwemmen","leuven9a_run1.eaf"
32939,33300,"oke","leuven9a_run1.eaf"
33860,34600,"euhm","leuven9a_run1.eaf"
35160,37961,"nog verder weg aan het plafond hangen twee touwen","leuven9a_run1.eaf"
38726,41356,"en het hetzelfde kindje klimt omhoog","leuven9a_run1.eaf"
41682,46260,"(dus) da 's een kopie naast elkaar twee keer een touw met hetzelfde kindje","leuven9a_run1.eaf"
46952,47495,"oke","leuven9a_run1.eaf"
47756,50843,"en helemaal aan de achterste muur zijn die rekken","leuven9a_run1.eaf"
51091,56421,"euhm zo van die turnzaalrekken waar twee drie kindjes omhoog aan 't klimmen zijn","leuven9a_run1.eaf"
57770,60369,"en daar staat ook een kindje met een hoelahoep","leuven9a_run1.eaf"
62486,68356,"euhm en @ (ok) @","leuven9a_run1.eaf"
68626,81086,"euhm het het meisje vooraan het dichtst bij euhm bij u dat aan 't pompen is op de mat komt ook nog ergens terug in het beeld dus verder weg ligt datzelfde meisje op dezelfde mat","leuven9a_run1.eaf"
81800,85052,"dat is min of meer wat ik mij kan herinneren @","leuven9a_run1.eaf"

3179,4787,"oke het is in het park","leuven9a_run2.eaf"
6259,11302,"het dichtst bij u zijn twee eenden aan de linkerkant links twee eenden","leuven9a_run2.eaf"
12169,13023,"twee honden","leuven9a_run2.eaf"
14226,16948,"en er is een meertje een vijver","leuven9a_run2.eaf"
19037,19457,"ja","leuven9a_run2.eaf"
19768,21452,"in het vijver zijn twee zwanen","leuven9a_run2.eaf"
23000,27995,"en een moeder en haar zoon zijn de zwanen eten aan het geven aan 't voederen","leuven9a_run2.eaf"
28943,32042,"en achter de twee honden lopen twee kinderen","leuven9a_run2.eaf"
32783,33226,"oke","leuven9a_run2.eaf"
33490,36901,"twee eenden twee honden twee zwanen @","leuven9a_run2.eaf"
37094,39174,"euhm even denken","leuven9a_run2.eaf"
39627,43632,"naast de twee eenden zijn ook twee kuikentjes twee kleine eendjes","leuven9a_run2.eaf"
44278,44641,"oke","leuven9a_run2.eaf"
45330,50995,"euhm en de twee honden en de twee kinderen lopen op een pad een pad langs euhm de vijver","leuven9a_run2.eaf"
51589,56193,"en verderop ligt een een hutje waar ze iets verkopen denk ik","leuven9a_run2.eaf"
56797,59889,"euhm en er vliegen twee vogeltjes in de lucht","leuven9a_run2.eaf"
60457,61516,"twee kleine vogeltjes","leuven9a_run2.eaf"
61617,63320,"en er staat ook een koe aan de andere","leuven9a_run2.eaf"

1624,3104,"ah nu moet ik gewoon beschrijven","leuven11a_run1.eaf"
3331,14149,"euhm er is een meisje met euhm een met denk ik rode en blauwe kledingstukken aan en die heeft een hoepel vast in een roosachtige kleur","leuven11a_run1.eaf"
14386,17850,"euhm vanachter het is dus een een soort van sport euhm omgeving","leuven11a_run1.eaf"
18428,20165,"vanachter zijn er allemaal rekken","leuven11a_run1.eaf"
20704,24966,"euhm waar er twee kinderen aan hangen","leuven11a_run1.eaf"
25799,29607,"euhm er is ook een trampoline redelijk vanachter in het beeld","leuven11a_run1.eaf"
30052,36171,"euhm waar euhm ja iemand op aan 't springen is een meisje op aan 't springen is","leuven11a_run1.eaf"
36422,45955,"euhm meer van op op de voorgrond van het beeld zijn er euhm zijn er twee kinderen die onder een soort van constructie","leuven11a_run1.eaf"
46060,47447,"mag ik uitbeelden nee","leuven11a_run1.eaf"
49154,51928,"euhm onder een soort van constructie kruipen","leuven11a_run1.eaf"
51928,57314,"en dus één kruipt onder een vrij hoge constructie en het volgende kind onder een lagere","leuven11a_run1.eaf"
57679,64928,"euhm helemaal vanboven in 't beeld zie je ook zo geel en oranje euhm golven","leuven11a_run1.eaf"
65636,67701,"euhm wat onduidelijk is wat dat is","leuven11a_run1.eaf"
68497,71475,"euhm wat ga 'k nog zeggen euhm","leuven11a_run1.eaf"
72933,76613,"er is ook iemand op een mat @","leuven11a_run1.eaf"
76922,79232,"euhm ja 'k weet niet of dat specifieker moet","leuven11a_run1.eaf"
80060,81676,"moet ik nog dingen zeggen","leuven11a_run1.eaf"
82049,83232,"zo veel als ik kan","leuven11a_run1.eaf"
84060,85613,"euhm goh","leuven11a_run1.eaf"
87563,88759,"euhm","leuven11a_run1.eaf"
90508,91773,"(                )","leuven11a_run1.eaf"
94531,96441,"ja dat is het wel een beetj@e","leuven11a_run1.eaf"
104928,106403,"euhm 't is allemaal binnen","leuven11a_run1.eaf"
113596,114955,"dat weet ik niet meer","leuven11a_run1.eaf"
118508,131933,"ah ja er was ook nog een soort van oh nu weet ik niet meer wat dat precies was maar een soort van constructie met gele euhm dingen die oh die bij elkaar houden maar ik weet @ niet meer wat dat @ wat het precies was","leuven11a_run1.eaf"
132558,134895,"ah was dat ook een trampoline nee ik denk het niet","leuven11a_run1.eaf"
136944,140066,"ah en de trampoline is eerder rechts in beeld","leuven11a_run1.eaf"
140939,146176,"en dan zat er aan de andere kant nog iets maar ik ben nu vergeten wat dat was en daar zitten gele dingen op @","leuven11a_run1.eaf"
147287,149104,"ja oke","leuven11a_run1.eaf"

4648,6818,"oke euhm dus 't is een park","leuven11a_run2.eaf"
7212,10181,"euhm en er loopt een een een bochtige weg","leuven11a_run2.eaf"
10581,12920,"en over die weg lopen twee honden","leuven11a_run2.eaf"
13450,15498,"er is ook een meer in het park","leuven11a_run2.eaf"
15707,20758,"en daarin zitten euhm zit een bootje met twee mensen erin","leuven11a_run2.eaf"
21055,24798,"euhm en er is er zijn ook vijf eenden in het water","leuven11a_run2.eaf"
26135,28865,"euhm en er zijn ook vijf eenden op 't gras","leuven11a_run2.eaf"
29185,31818,"dus da 's meer aan de linkerkant van het beeld","leuven11a_run2.eaf"
32122,33577,"meer is aan de rechterkant","leuven11a_run2.eaf"
34193,34869,"euhm","leuven11a_run2.eaf"
35316,39814,"iets verder meer in de achtergrond euhm zie je een kiosk","leuven11a_run2.eaf"
40468,43648,"waar een aantal mensen precies iets aan het kopen zijn","leuven11a_run2.eaf"
43648,50786,"en er is ook een hondje dat daar links aan linkerkant van de mensen staat","leuven11a_run2.eaf"
53592,54913,"één hond denk ik","leuven11a_run2.eaf"
55063,57553,"of nee er zijn ook twee honden die op de weg lopen","leuven11a_run2.eaf"
57588,61177,"maar er is er ook één bij de ja kiosk","leuven11a_run2.eaf"
61664,62387,"klein huisje","leuven11a_run2.eaf"
63150,64003,"euhm","leuven11a_run2.eaf"
64644,67256,"en dan in de verte zie je een stad","leuven11a_run2.eaf"
68573,71256,"euhm er zijn ook twee vogels in de lucht","leuven11a_run2.eaf"
72347,73217,"mm","leuven11a_run2.eaf"
73664,74711,"wat ga 'k nog zeggen","leuven11a_run2.eaf"
76422,77675,"euhm ja","leuven11a_run2.eaf"
77968,79169,"groen en ","leuven11a_run2.eaf"
80976,83604,"'t water is blauw @","leuven11a_run2.eaf"
83960,87051,"ah wacht er zat nog iets in dat water maar dat ben ik vergeten","leuven11a_run2.eaf"
89134,91007,"ja 'k hoop dat (        )","leuven11a_run2.eaf"
94110,97691,"de bocht gaat euhm vertrekt","leuven11a_run2.eaf"
99249,101308,"ah nee wacht (  ) hoe gaat ge dat uitleggen","leuven11a_run2.eaf"
101581,106063,"euhm ik de bocht komt verder vanuit het rechts","leuven11a_run2.eaf"
106063,111197,"dus van rechts in het beeld gaat die daar naar 't midden en dan naar onder","leuven11a_run2.eaf"
112126,112779,"ja","leuven11a_run2.eaf"

603,4872,"euhm dus 't beeld was eigenlijk een een meer waarin heel veel mensenen dieren waren","leuven12a_run1.eaf"
5000,7146,"in de rechterbovenhoek zag je een koe","leuven12a_run1.eaf"
7670,9150,"die daar niet hoorde, denk ik@","leuven12a_run1.eaf"
9410,17367,"in de linkeronderhoek euhm waren er eendjes er waren ook heel veel mensen er waren mensen de eendjes aan 't voederen waren er waren euhm de zwanen aan 't voederen waren","leuven12a_run1.eaf"
17476,18750,"er waren mensen dingen aan 't kopen","leuven12a_run1.eaf"
18750,23014,"er stond links ook een soort kiosk waarin men ijsjes en zo verkoopt","leuven12a_run1.eaf"
23434,26122,"in de verte zag je een stad euhm","leuven12a_run1.eaf"
26460,27990,"er waren ook vogels in de lucht","leuven12a_run1.eaf"
28270,29466,"euhm","leuven12a_run1.eaf"
31283,36240,"ja en ook heel veel dieren (  ) zwanen eenden denk ook eekhoorns","leuven12a_run1.eaf"
38570,39780,"zwanen in het meer","leuven12a_run1.eaf"
42033,44976,"ah euhm vanonder meer","leuven12a_run1.eaf"
45320,46816,"beetje meer rechts denk ik ","leuven12a_run1.eaf"
47457,48787,"euhm","leuven12a_run1.eaf"

1075,2427,"dus nu mag ik beginnen ja","leuven12a_run2.eaf"
2592,5391,"dus ik heb twaalf kindjes gezien en dat was in een turnzaal","leuven12a_run2.eaf"
5890,11814,"euhm er stonden verschillende toestellen zoals een klimrek een trampoline een zwembad","leuven12a_run2.eaf"
12294,14798,"euhm een paar turnmatten","leuven12a_run2.eaf"
16196,17879,"de kindjes waren allemaal aan 't sporten","leuven12a_run2.eaf"
17879,20673,"'t waren er twee op 't klimrek één iemand aan 't zwemmen","leuven12a_run2.eaf"
21125,23180,"euhm één iemand aan 't trampolinespringen","leuven12a_run2.eaf"
23653,24698,"euhm","leuven12a_run2.eaf"
25407,30758,"euhm twee kindjes waren onder een soort balk aan het kruipen eronder","leuven12a_run2.eaf"
31276,32713,"euhm","leuven12a_run2.eaf"
33793,35864,"ja 't waren dus kindjes geen volwassenen ","leuven12a_run2.eaf"
36628,37638,"mm","leuven12a_run2.eaf"
42740,43422,"mm","leuven12a_run2.eaf"
46839,47430,"@","leuven12a_run2.eaf"
50256,51060,"nee @","leuven12a_run2.eaf"
54750,55341,"euhm","leuven12a_run2.eaf"
55853,58944,"'k heb niet echt specifiek op de kleuren gelet","leuven12a_run2.eaf"
60412,62994,"'k weet juist dat die balken geel waren maar @","leuven12a_run2.eaf"
64030,64608,"nee","leuven12a_run2.eaf"

